number,type
103,PRXS
104,King/DB
105,LUXK
107,2VWK/D
108,1VWK/D
109,2VWK/D
110,1VWK/D
111,2VWK/D
112,1VWK/D
114,1VWK/D
115,2VWK/D
116,1VWK/D
117,PRKS
118,1VWK/D
119,PRKS
120,PRKS
121,PRKS
122,PRKS
123,2VWK/D
124,1VWK/D
125,2VWK/D
126,1VWK/D
127,2VWK/D
128,1VWK/D
129,2VWK/D
130,1VWK/D
131,2VWK/D
132,1VWK/D
133,2VWK/D
134,1VWK/D
135,2VWK/D
136,1VWK/D
137,2VWK/D
138,1VWK/D
139,2VWK/D
141,2VWK/D
143,2VWK/D
145,2VWK/D
147,2VWK/D
149,LUXK
151,2VWK/D
153,2VWK/D
155,2VWK/D
156,King/DB
158,King/DB
160,King/DB
162,King/DB
163,LUXK
164,1VWK/D
165,PRXS
168,1VWK/D
169,1VWK/D
170,1VWK/D
171,1VWK/D
172,1VWK/D
173,1VWK/D
174,1VWK/D
175,1VWK/D
176,1VWK/D
177,1VWK/D
178,1VWK/D
179,1VWK/D
180,1VWK/D
181,1VWK/D
182,1VWK/D
183,1VWK/D
184,1VWK/D
185,1VWK/D
,
201,King/DB
202,3VWK/D
203,3VWK/D
204,King/DB
205,PRXS
,
207,2VWK/D
208,King/DB
209,2VWK/D
210,King/DB
211,2VWK/D
212,King/DB
,
214,King/DB
215,2VWK/D
216,King/DB
217,PRKS
218,King/DB
219,PRKS
220,PRKS
221,PRKS
222,PRKS
223,2VWK/D
224,1VWK/D
225,2VWK/D
226,1VWK/D
227,2VWK/D
228,1VWK/D
229,2VWK/D
230,1VWK/D
231,2VWK/D
232,1VWK/D
233,2VWK/D
234,1VWK/D
235,2VWK/D
236,1VWK/D
237,2VWK/D
238,1VWK/D
239,2VWK/D
240,King/DB
241,2VWK/D
242,King/DB
243,2VWK/D
244,King/DB
245,2VWK/D
246,King/DB
247,2VWK/D
248,King/DB
249,PRXS
250,King/DB
251,2VWK/D
252,King/DB
253,2VWK/D
254,King/DB
255,2VWK/D
256,King/DB
,
258,King/DB
,
260,King/DB
,
262,King/DB
263,PRXS
264,3VWK/D
265,3VWK/D
266,3VWK/D
267,3VWK/D
268,1VWK/D
269,1VWK/D
270,1VWK/D
271,1VWK/D
272,1VWK/D
273,1VWK/D
274,1VWK/D
275,1VWK/D
276,1VWK/D
277,1VWK/D
278,1VWK/D
279,1VWK/D
280,1VWK/D
281,King/DB
282,King/DB
283,King/DB
284,King/DB
285,King/DB
,
303,PRES
305,3VWK/D
306,3VWK/D
307,2VWK/D
308,King/DB
309,2VWK/D
310,King/DB
311,2VWK/D
312,King/DB
314,King/DB
315,2VWK/D
316,King/DB
317,PRKS
318,King/DB
319,PRKS
320,PRKS
321,PRKS
322,PRKS
323,2VWK/D
324,1VWK/D
325,2VWK/D
326,1VWK/D
327,2VWK/D
328,1VWK/D
329,2VWK/D
330,1VWK/D
331,2VWK/D
332,1VWK/D
333,2VWK/D
334,1VWK/D
335,2VWK/D
336,1VWK/D
337,2VWK/D
338,1VWK/D
339,2VWK/D
340,King/DB
341,2VWK/D
342,King/DB
343,2VWK/D
344,King/DB
345,2VWK/D
346,King/DB
347,2VWK/D
348,King/DB
349,PRXS
350,King/DB
351,2VWK/D
352,King/DB
353,2VWK/D
354,King/DB
355,2VWK/D
356,King/DB
358,King/DB
360,King/DB
362,King/DB
363,PRXS
364,3VWK/D
365,LUXK
,
401,3VWK/D
402,3VWK/D
403,3VWK/D
404,3VWK/D
405,PRXS
407,2VWK/D
408,King/DB
409,2VWK/D
410,King/DB
411,2VWK/D
412,King/DB
414,King/DB
415,2VWK/D
416,King/DB
417,PRKS
418,King/DB
419,PRKS
420,PRKS
421,PRKS
422,PRKS
423,2VWK/D
424,1VWK/D
425,2VWK/D
426,1VWK/D
427,2VWK/D
428,1VWK/D
429,2VWK/D
430,1VWK/D
431,2VWK/D
432,1VWK/D
433,2VWK/D
434,1VWK/D
435,2VWK/D
436,1VWK/D
437,2VWK/D
438,1VWK/D
439,2VWK/D
440,King/DB
441,2VWK/D
442,King/DB
443,2VWK/D
444,King/DB
445,2VWK/D
446,King/DB
447,2VWK/D
448,King/DB
449,PRXS
450,King/DB
451,2VWK/D
452,King/DB
453,2VWK/D
454,King/DB
455,2VWK/D
456,King/DB
458,King/DB
460,King/DB
462,King/DB
463,PRXS
464,3VWK/D
465,3VWK/D
466,3VWK/D
467,3VWK/D
,
501,3VWK/D
502,3VWK/D
503,3VWK/D
504,3VWK/D
505,PRXS
507,2VWK/D
508,King/DB
509,2VWK/D
510,King/DB
511,2VWK/D
512,King/DB
514,King/DB
515,2VWK/D
516,King/DB
517,PRKS
518,King/DB
519,PRKS
520,PRKS
521,PRKS
522,PRKS
523,2VWK/D
524,1VWK/D
525,2VWK/D
526,1VWK/D
527,2VWK/D
528,1VWK/D
529,3VWK/D
530,1VWK/D
531,2VWK/D
532,1VWK/D
533,2VWK/D
534,1VWK/D
535,2VWK/D
536,1VWK/D
537,2VWK/D
538,1VWK/D
539,2VWK/D
540,King/DB
541,2VWK/D
542,King/DB
543,2VWK/D
544,King/DB
545,2VWK/D
546,King/DB
547,2VWK/D
548,King/DB
549,PRXS
550,King/DB
551,2VWK/D
552,King/DB
553,2VWK/D
554,King/DB
555,2VWK/D
556,King/DB
558,King/DB
560,King/DB
562,King/DB
563,PRXS
564,3VWK/D
565,3VWK/D
566,PRXS